areaId	areaName	round	ballots	totalPts	Chris ALEXANDER	Maxime BERNIER	Steven BLANEY	Michael CHONG	Kellie LEITCH	Pierre LEMIEUX	Deepak OBHRAI	Kevin O'LEARY	Erin O'TOOLE	Rick PETERSON	Lisa RAITT	Andrew SAXTON	Andrew SCHEER	Brad TROST	Undervotes	Remainder
15	Avalon	0	94	99.99993	0	27	0	7	23	5	0	0	17	1	2	0	6	6	0	0.00007
16	Bonavista–Burin–Trinity	0	45	99.99995	0	12	0	3	3	3	2	0	7	0	5	1	4	5	0	0.00005
17	Coast of Bays–Central–Notre Dame	0	69	99.99995	1	25	1	2	11	9	0	0	6	0	3	0	9	2	0	0.00005
18	Labrador	0	24	99.99997	0	4	0	0	2	0	0	0	2	0	1	1	14	0	0	0.00003
19	Long Range Mountains	0	55	99.99997	0	17	0	5	11	4	0	0	6	1	3	0	6	2	0	0.00003
20	St. John's East	0	208	99.99996	0	56	2	46	21	16	2	1	18	2	13	0	18	12	0	0.00004
21	St. John's South–Mount Pearl	0	130	99.99995	1	55	0	10	17	11	0	2	8	1	7	0	9	9	0	0.00005
22	Cardigan	0	163	99.99996	0	37	2	8	16	12	0	1	13	0	15	3	52	4	0	0.00004
23	Charlottetown	0	167	99.99995	2	18	0	16	12	19	2	0	26	2	11	3	39	15	0	0.00005
24	Egmont	0	116	99.99994	1	12	1	4	4	11	0	0	36	0	8	0	33	6	0	0.00006
25	Malpeque	0	181	99.99995	0	30	0	25	9	7	0	1	23	0	9	11	61	5	0	0.00005
26	Cape Breton–Canso	0	187	99.99994	1	42	0	5	11	12	1	0	19	1	60	5	20	9	0	0.00006
27	Central Nova	0	296	99.99995	4	57	0	14	15	14	0	4	79	5	32	2	56	13	0	0.00005
28	Cumberland–Colchester	0	296	99.99994	0	52	1	13	19	16	0	2	53	3	27	4	89	16	0	0.00006
29	Dartmouth–Cole Harbour	0	272	99.99995	1	60	1	33	18	17	3	3	51	3	22	2	42	14	0	0.00005
30	Halifax	0	334	99.99995	7	65	0	82	19	11	3	0	60	1	35	0	37	14	0	0.00005
31	Halifax West	0	311	99.99993	4	83	1	29	23	16	0	5	52	1	22	4	48	23	0	0.00007
32	Kings–Hants	0	239	99.99999	3	57	0	14	25	17	1	1	39	1	19	2	48	12	0	0.00001
33	Sackville–Preston–Chezzetcook	0	254	99.99992	3	60	1	13	20	19	0	4	52	4	17	0	39	21	0	0.00008
34	South Shore–St. Margarets	0	277	99.99994	1	68	0	30	18	16	1	3	52	3	23	2	48	12	0	0.00006
35	Sydney–Victoria	0	172	99.99995	1	34	0	9	12	4	0	0	9	0	76	5	17	5	0	0.00005
36	West Nova	0	242	99.99995	0	49	1	15	21	10	0	1	49	0	21	0	54	21	0	0.00005
37	Acadie–Bathurst	0	41	99.99994	0	10	0	4	2	1	0	0	5	0	6	2	9	2	0	0.00006
38	Beauséjour	0	130	99.99996	3	45	0	14	7	11	0	1	12	1	15	0	16	5	0	0.00004
39	Fredericton	0	363	99.99995	3	67	1	45	38	25	0	6	68	7	34	6	55	8	0	0.00005
40	Fundy Royal	0	309	99.99994	0	56	0	17	26	12	0	3	49	5	16	3	95	26	0	0.00006
41	Madawaska–Restigouche	0	69	99.99997	0	19	3	2	5	7	0	0	15	0	2	0	16	0	0	0.00003
42	Miramichi–Grand Lake	0	143	99.99994	0	30	0	13	11	5	0	1	23	2	11	3	34	9	0	0.00006
43	Moncton–Riverview–Dieppe	0	292	99.99994	1	44	0	15	29	30	1	5	32	2	63	0	41	28	0	0.00006
44	New Brunswick Southwest	0	243	99.99999	2	39	1	15	23	27	0	2	29	1	19	0	73	10	0	0.00001
45	Saint John–Rothesay	0	225	99.99994	0	58	2	37	12	24	0	1	27	2	9	2	33	18	0	0.00006
46	Tobique–Mactaquac	0	315	99.99993	3	62	1	6	19	12	0	1	44	2	14	13	124	13	0	0.00007
47	Abitibi–Baie-James–Nunavik–Eeyou	0	27	99.99996	0	10	7	0	2	3	0	0	2	0	0	0	2	1	0	0.00004
48	Abitibi–Témiscamingue	0	79	99.99996	0	9	0	3	2	3	1	0	2	0	1	0	58	0	0	0.00004
49	Ahuntsic-Cartierville	0	81	99.99992	0	39	1	2	8	10	0	1	5	2	1	0	7	5	0	0.00008
50	Alfred-Pellan	0	44	99.99993	1	28	1	0	1	4	0	1	4	0	1	0	1	2	0	0.00007
51	Argenteuil–La Petite-Nation	0	102	99.99996	0	29	0	4	9	5	0	0	7	0	2	0	46	0	0	0.00004
52	Avignon–La Mitis–Matane–Matapédia	0	61	99.99997	0	13	8	0	2	1	0	0	1	0	0	0	36	0	0	0.00003
53	Beauce	0	1099	99.99995	3	522	49	1	2	0	0	1	7	0	0	0	512	1	0	0.00005
54	Beauport–Limoilou	0	99	99.99998	2	81	0	0	1	1	1	1	2	0	0	0	9	1	0	0.00002
55	Bécancour–Nicolet–Saurel	0	110	99.99997	3	18	7	0	1	1	0	0	4	1	0	0	75	0	0	0.00003
56	Bellechasse–Les Etchemins–Lévis	0	435	99.99995	0	48	159	1	1	3	0	1	5	0	0	1	215	1	0	0.00005
57	Beloeil–Chambly	0	64	99.99997	1	23	3	0	3	9	0	0	1	0	0	0	23	0	0	0.00003
58	Berthier–Maskinongé	0	146	99.99998	0	34	8	0	1	0	0	0	8	2	0	2	90	1	0	0.00002
59	Thérèse-De Blainville	0	57	99.99995	5	34	1	2	5	1	0	0	1	2	0	0	6	0	0	0.00005
60	Pierre-Boucher–Les Patriotes–Verchères	0	37	99.99997	0	16	2	2	4	0	0	0	3	0	0	0	10	0	0	0.00003
61	Bourassa	0	37	99.99998	0	27	0	0	2	2	0	0	4	0	0	0	1	1	0	0.00002
62	Brome–Missisquoi	0	120	99.99994	2	23	5	5	5	8	0	1	3	0	1	0	65	2	0	0.00006
63	Brossard–Saint-Lambert	0	162	99.99994	1	43	3	4	7	10	1	0	4	0	3	0	23	63	0	0.00006
64	Rimouski-Neigette–Témiscouata–Les Basques	0	83	99.99998	1	5	1	0	5	0	0	0	3	0	0	0	68	0	0	0.00002
65	Charlesbourg–Haute-Saint-Charles	0	117	99.99997	1	61	5	2	2	0	1	1	10	2	1	0	31	0	0	0.00003
66	Beauport–Côte-de-Beaupré–Île d'Orléans–Charlevoix	0	111	99.99996	2	53	5	0	1	4	0	0	11	2	0	0	33	0	0	0.00004
67	Châteauguay–Lacolle	0	66	99.99997	0	30	2	1	4	1	0	0	0	0	2	0	25	1	0	0.00003
68	Chicoutimi–Le Fjord	0	67	99.99994	1	16	4	0	0	5	0	0	5	1	0	2	31	2	0	0.00006
69	Compton–Stanstead	0	138	99.99996	1	36	5	3	3	5	0	0	6	0	1	2	74	2	0	0.00004
70	Dorval–Lachine–LaSalle	0	115	99.99995	0	47	2	1	7	5	0	1	5	2	4	0	7	34	0	0.00005
71	Drummond	0	108	99.99993	4	26	11	1	3	6	0	0	3	1	0	0	51	1	0	0.00007
72	Gaspésie–Les Îles-de-la-Madeleine	0	19	99.99997	0	11	0	0	6	0	0	0	1	0	0	0	1	0	0	0.00003
73	Gatineau	0	138	99.99994	1	85	4	4	7	18	0	1	10	1	1	0	3	3	0	0.00006
74	Hochelaga	0	49	99.99995	0	16	1	4	7	1	0	0	3	0	1	0	3	13	0	0.00005
75	Honoré-Mercier	0	41	99.99996	0	22	0	1	4	5	0	0	2	0	2	0	0	5	0	0.00004
76	Hull–Aylmer	0	207	99.99992	1	89	1	22	8	27	1	2	11	1	6	1	23	13	0	0.00008
77	Joliette	0	67	99.99995	1	27	6	0	11	2	0	0	2	0	1	0	16	1	0	0.00005
78	Jonquière	0	53	99.99997	0	17	1	0	3	1	0	1	3	0	0	0	27	0	0	0.00003
79	La Pointe-de-l'Île	0	30	99.99997	0	15	2	1	3	1	0	1	2	0	0	0	2	3	0	0.00003
80	La Prairie	0	71	99.99997	2	36	3	0	9	3	0	1	3	0	0	0	11	3	0	0.00003
81	Lac-Saint-Jean	0	165	99.99998	1	21	6	0	4	4	0	0	10	0	0	0	118	1	0	0.00002
82	Lac-Saint-Louis	0	379	99.99997	2	118	0	18	44	9	0	4	15	1	9	1	122	35	0	0.00003
83	LaSalle–Émard–Verdun	0	91	99.99996	2	30	2	13	5	11	0	0	3	0	2	0	7	16	0	0.00004
84	Laurentides–Labelle	0	40	100	0	17	2	1	1	0	0	0	4	0	1	0	12	2	0	0.00000
85	Laurier–Sainte-Marie	0	93	99.99993	1	26	2	38	0	4	3	3	5	0	2	0	4	5	0	0.00007
86	Laval–Les Îles	0	107	99.99994	1	68	0	1	9	4	0	1	2	0	0	0	16	5	0	0.00006
87	Longueuil–Charles-LeMoyne	0	68	99.99993	1	23	3	3	6	9	0	0	4	0	1	1	10	7	0	0.00007
88	Lévis–Lotbinière	0	288	99.99994	3	94	31	1	4	3	0	2	9	1	1	2	137	0	0	0.00006
89	Longueuil–Saint-Hubert	0	53	99.99996	0	29	2	1	3	3	0	0	5	1	1	1	2	5	0	0.00004
90	Louis-Hébert	0	169	99.99994	0	91	10	0	9	6	1	0	17	0	1	1	28	5	0	0.00006
91	Louis-Saint-Laurent	0	177	99.99994	5	107	2	1	5	4	0	1	39	1	0	0	11	1	0	0.00006
92	Manicouagan	0	35	99.99998	1	22	0	0	1	0	0	0	4	5	0	0	2	0	0	0.00002
93	Mégantic–L'Érable	0	325	99.99997	3	61	5	0	1	3	0	0	3	0	1	0	247	1	0	0.00003
94	Mirabel	0	63	99.99996	0	25	2	0	6	0	0	0	1	1	0	0	25	3	0	0.00004
95	Montarville	0	47	99.99993	3	17	2	1	7	4	1	0	0	0	2	0	10	0	0	0.00007
96	Montcalm	0	46	99.99998	1	21	10	0	1	0	0	0	4	0	0	0	7	2	0	0.00002
97	Montmagny–L'Islet–Kamouraska–Rivière-du-Loup	0	211	99.99995	0	28	5	0	1	0	0	1	8	2	2	0	163	1	0	0.00005
98	Mont-Royal (Mount Royal)	0	235	99.99995	12	128	3	13	16	3	0	3	13	2	6	1	19	16	0	0.00005
99	Notre-Dame-de-Grâce–Westmount	0	269	99.99994	2	126	2	42	10	14	1	1	15	7	5	3	20	20	0	0.00006
100	Outremont	0	121	99.99993	1	35	2	40	11	4	0	0	6	8	3	0	6	5	0	0.00007
101	Papineau	0	52	99.99995	0	26	0	5	4	2	0	2	1	0	1	0	10	1	0	0.00005
102	Pierrefonds–Dollard	0	221	99.99995	0	107	2	1	36	11	0	5	6	1	1	1	35	14	0	0.00005
103	Pontiac	0	292	99.99995	0	77	2	28	30	38	1	1	41	0	6	0	52	16	0	0.00005
104	Portneuf–Jacques-Cartier	0	191	99.99998	1	63	3	0	8	0	0	3	25	2	0	1	84	1	0	0.00002
105	Québec	0	74	99.99995	3	36	3	3	6	4	1	0	11	0	1	0	5	1	0	0.00005
106	Repentigny	0	19	99.99995	0	5	0	0	2	2	0	1	3	0	1	0	5	0	0	0.00005
107	Richmond–Arthabaska	0	194	99.99995	1	17	4	0	1	2	0	0	3	1	2	0	163	0	0	0.00005
108	Rivière-des-Mille-Îles	0	47	99.99994	1	26	0	0	2	4	0	0	4	0	0	0	7	3	0	0.00006
109	Rivière-du-Nord	0	20	100	0	12	1	0	2	0	0	0	1	0	0	0	4	0	0	0.00000
110	Rosemont–La Petite-Patrie	0	40	99.99996	0	11	2	11	0	3	0	0	2	0	1	0	5	4	0	0.00004
111	Marc-Aurèle-Fortin	0	49	99.99995	0	24	3	0	3	2	0	2	2	0	1	0	6	6	0	0.00005
112	Saint-Hyacinthe–Bagot	0	114	99.99998	2	21	7	0	7	0	0	0	7	0	0	0	70	0	0	0.00002
113	Saint-Jean	0	98	99.99995	1	24	8	0	5	3	0	0	8	0	1	0	43	4	0	0.00005
114	Saint-Laurent	0	170	99.99997	4	72	0	4	9	4	0	2	7	0	2	0	9	56	0	0.00003
115	Saint-Léonard–Saint-Michel	0	45	99.99997	0	26	1	2	6	1	0	0	3	0	0	0	6	0	0	0.00003
116	Saint-Maurice–Champlain	0	71	99.99998	0	26	2	0	5	0	0	0	4	0	1	0	32	1	0	0.00002
117	Salaberry–Suroît	0	107	99.99993	1	29	8	2	4	5	0	1	5	0	1	0	51	0	0	0.00007
118	Shefford	0	115	99.99997	3	15	6	0	0	9	0	0	4	0	1	0	75	2	0	0.00003
119	Sherbrooke	0	53	99.99995	0	24	1	3	2	9	0	1	2	0	0	0	8	3	0	0.00005
120	Vaudreuil–Soulanges	0	121	99.99995	0	48	2	5	16	12	0	1	7	2	4	1	11	11	0	0.00005
121	Terrebonne	0	31	99.99997	1	19	2	0	0	0	0	0	4	0	0	0	3	2	0	0.00003
122	Trois-Rivières	0	54	99.99997	0	31	3	0	2	0	0	1	3	2	0	1	11	0	0	0.00003
123	Ville-Marie–Le Sud-Ouest–Île-des-Soeurs	0	175	99.99995	5	72	7	30	11	5	0	3	12	4	7	1	11	7	0	0.00005
124	Vimy	0	94	99.99994	0	39	2	2	6	7	0	0	13	0	0	0	10	15	0	0.00006
125	Ajax	0	444	99.99996	85	111	0	25	16	55	0	3	50	0	5	5	62	27	0	0.00004
126	Algoma–Manitoulin–Kapuskasing	0	245	99.99993	1	58	2	9	41	24	0	5	36	0	7	0	44	18	0	0.00007
127	Aurora–Oak Ridges–Richmond Hill	0	832	99.99994	4	119	2	55	45	32	0	8	46	3	14	0	105	399	0	0.00006
128	Barrie–Innisfil	0	481	99.99996	2	169	1	22	48	31	0	8	88	4	21	1	48	37	0	0.00004
129	Barrie–Springwater–Oro-Medonte	0	513	99.99994	5	211	1	37	41	35	1	5	75	3	22	0	50	26	0	0.00006
130	Bay of Quinte	0	510	99.99993	4	112	2	35	47	54	0	3	124	5	13	5	91	15	0	0.00007
131	Beaches–East York	0	397	99.99993	2	107	0	129	15	14	0	4	43	0	38	1	30	14	0	0.00007
132	Brampton Centre	0	221	99.99992	8	43	0	13	23	24	2	5	27	1	5	1	51	18	0	0.00008
133	Brampton East	0	318	99.99994	26	64	0	8	20	9	23	2	9	0	3	0	145	8	0	0.00006
134	Brampton North	0	266	99.99992	6	56	1	17	23	25	16	4	24	0	6	0	66	22	0	0.00008
135	Brampton South	0	292	99.99995	4	63	2	42	21	33	14	7	22	1	6	2	59	16	0	0.00005
136	Brampton West	0	217	99.99992	6	41	1	25	24	16	10	5	15	0	2	0	64	8	0	0.00008
137	Brantford–Brant	0	487	99.99993	5	103	0	21	36	73	5	6	61	2	44	0	82	48	0	0.00007
138	Bruce–Grey–Owen Sound	0	767	99.99993	5	140	1	70	58	75	0	9	158	4	52	1	153	41	0	0.00007
139	Burlington	0	750	99.99994	10	191	1	77	42	81	0	14	116	4	67	1	107	38	0	0.00006
140	Cambridge	0	485	99.99994	6	109	6	41	17	85	0	13	60	1	13	1	89	43	0	0.00006
141	Chatham-Kent–Leamington	0	435	99.99993	3	94	1	32	25	57	0	13	67	3	14	1	83	42	0	0.00007
142	Davenport	0	250	100	2	30	0	153	5	18	3	3	10	1	8	0	10	7	0	0.00000
143	Don Valley East	0	280	99.99995	9	70	0	25	17	18	3	2	28	0	13	1	54	40	0	0.00005
144	Don Valley North	0	636	99.99997	5	97	0	33	25	33	3	0	30	1	16	0	96	296	0	0.00003
145	Don Valley West	0	808	99.99993	25	260	3	135	49	24	3	17	89	4	59	9	71	59	0	0.00007
146	Dufferin–Caledon	0	760	99.99994	4	175	5	112	49	81	7	13	69	2	28	4	170	40	0	0.00006
147	Durham	0	851	99.99994	6	94	0	15	36	67	2	21	491	2	5	0	66	46	0	0.00006
148	Eglinton–Lawrence	0	595	99.99993	7	188	2	105	55	15	3	9	82	5	31	5	59	28	0	0.00007
149	Elgin–Middlesex–London	0	735	99.99993	5	140	2	33	53	99	0	14	141	4	19	4	157	64	0	0.00007
150	Essex	0	464	99.99995	1	138	1	14	36	65	0	14	36	3	17	1	101	37	0	0.00005
151	Etobicoke Centre	0	594	99.99996	12	195	2	53	42	60	0	18	69	0	19	1	71	52	0	0.00004
152	Etobicoke–Lakeshore	0	619	99.99994	19	188	3	94	48	38	1	14	68	3	32	3	64	44	0	0.00006
153	Etobicoke North	0	247	99.99992	10	51	1	12	13	25	5	2	8	1	1	0	97	21	0	0.00008
154	Flamborough–Glanbrook	0	547	99.99994	3	121	0	43	37	116	1	3	49	2	32	1	89	50	0	0.00006
155	Glengarry–Prescott–Russell	0	654	99.99989	3	131	4	10	22	253	0	4	68	1	13	1	128	16	0	0.00011
156	Guelph	0	641	99.99993	9	107	4	259	40	47	1	4	52	1	20	0	66	31	0	0.00007
157	Haldimand–Norfolk	0	522	99.99994	2	116	2	20	47	78	0	12	61	3	28	3	90	59	0	0.00006
158	Haliburton–Kawartha Lakes–Brock	0	684	99.99993	5	177	5	28	51	59	2	14	204	2	12	1	78	46	0	0.00007
159	Hamilton Centre	0	248	99.99993	2	61	1	77	20	23	1	5	26	1	4	1	15	11	0	0.00007
160	Hamilton East–Stoney Creek	0	182	99.99994	2	62	0	10	27	11	0	1	18	1	6	1	37	5	0	0.00006
161	Hamilton Mountain	0	197	99.99994	1	50	0	13	28	23	0	6	14	2	11	1	33	14	0	0.00006
162	Hamilton West–Ancaster–Dundas	0	566	99.99994	9	134	3	66	51	55	0	9	51	8	21	0	93	64	0	0.00006
163	Hastings–Lennox and Addington	0	500	99.99996	1	121	6	27	42	50	0	13	90	2	25	8	77	37	0	0.00004
164	Huron–Bruce	0	679	99.99994	1	92	1	48	68	90	0	8	151	7	16	2	126	68	0	0.00006
165	Kanata–Carleton	0	965	99.99993	10	292	9	92	49	75	3	13	121	6	55	2	158	79	0	0.00007
166	Kenora	0	221	99.99997	1	77	2	11	19	21	0	2	37	4	4	0	37	5	0	0.00003
167	King–Vaughan	0	525	99.9999	11	155	4	37	64	11	5	7	16	2	8	2	69	133	0	0.00010
168	Kingston and the Islands	0	551	99.99994	5	127	3	90	41	48	0	7	94	3	27	0	77	27	0	0.00006
169	Kitchener Centre	0	468	99.99994	0	79	0	105	30	78	1	3	58	1	18	1	46	47	0	0.00006
170	Kitchener–Conestoga	0	623	99.99996	1	115	1	68	20	71	1	7	180	1	10	0	75	72	0	0.00004
171	Kitchener South–Hespeler	0	414	99.99995	3	104	0	51	24	47	0	6	76	2	16	0	41	44	0	0.00005
172	Lambton–Kent–Middlesex	0	763	99.99992	3	122	11	27	63	96	2	12	106	7	24	2	224	62	0	0.00008
173	Lanark–Frontenac–Kingston	0	765	99.99992	2	183	6	54	62	80	1	9	130	6	29	3	166	34	0	0.00008
174	Leeds–Grenville–Thousand Islands and Rideau Lakes	0	695	99.99996	7	139	4	55	59	62	1	5	158	3	23	1	140	36	0	0.00004
175	London–Fanshawe	0	347	99.99992	2	104	2	15	40	42	1	4	32	0	9	2	60	34	0	0.00008
176	London North Centre	0	672	99.99994	10	164	2	81	39	41	4	15	98	2	14	0	87	115	0	0.00006
177	London West	0	748	99.99994	9	215	2	100	41	77	1	8	90	4	13	0	126	61	0	0.00006
178	Markham–Stouffville	0	628	99.99991	21	167	1	43	48	44	2	3	48	2	10	3	97	138	0	0.00009
179	Markham–Thornhill	0	376	99.99994	2	61	0	29	9	18	1	3	20	0	6	0	112	115	0	0.00006
180	Markham–Unionville	0	877	99.99994	7	139	1	31	7	20	4	5	21	2	11	0	121	508	0	0.00006
181	Milton	0	658	99.99995	5	135	2	41	24	55	9	2	34	0	196	0	123	32	0	0.00005
182	Mississauga Centre	0	452	99.99992	8	103	1	47	28	22	2	2	18	0	4	0	133	83	0	0.00008
183	Mississauga East–Cooksville	0	287	99.99994	7	63	1	23	39	21	0	4	26	1	6	0	48	48	0	0.00006
184	Mississauga–Erin Mills	0	863	99.99991	8	149	1	70	50	55	1	4	28	2	19	3	331	141	0	0.00009
185	Mississauga–Lakeshore	0	664	99.99996	11	204	6	65	44	44	0	7	83	7	34	3	80	75	0	0.00004
186	Mississauga–Malton	0	314	99.99993	15	52	1	25	22	13	6	5	12	2	5	3	90	63	0	0.00007
187	Mississauga–Streetsville	0	670	99.99993	12	136	1	44	56	37	7	2	43	1	19	1	227	83	0	0.00007
188	Nepean	0	828	99.99992	2	221	1	84	65	61	12	5	115	7	64	5	133	52	0	0.00008
189	Newmarket–Aurora	0	591	99.99995	8	145	7	34	40	29	3	4	80	6	17	1	71	145	0	0.00005
190	Niagara Centre	0	336	99.99992	3	99	3	15	30	55	1	5	34	4	8	0	54	25	0	0.00008
191	Niagara Falls	0	547	99.99996	5	155	1	25	71	55	0	8	74	2	25	4	75	46	0	0.00004
192	Niagara West	0	685	99.99992	3	126	2	41	34	131	1	7	61	3	36	3	158	78	0	0.00008
193	Nickel Belt	0	181	99.99994	0	63	0	15	31	11	1	2	21	0	6	0	24	7	0	0.00006
194	Nipissing–Timiskaming	0	334	99.99993	4	87	6	18	30	28	1	7	55	3	15	1	48	31	0	0.00007
195	Northumberland–Peterborough South	0	719	99.99994	5	157	2	35	61	48	0	12	231	8	28	5	81	46	0	0.00006
196	Oakville	0	971	99.99994	15	258	8	98	42	92	2	11	102	2	51	2	133	154	0	0.00006
197	Oakville North–Burlington	0	846	99.99992	6	238	2	64	52	64	3	12	81	5	87	1	138	92	0	0.00008
198	Oshawa	0	454	99.99993	7	122	1	13	35	30	0	17	123	5	10	3	49	39	0	0.00007
199	Ottawa Centre	0	1083	99.99995	9	236	1	355	35	75	6	4	113	9	65	7	149	18	0	0.00005
200	Orléans	0	863	99.99994	8	222	5	70	53	178	1	8	114	6	35	2	127	34	0	0.00006
201	Ottawa South	0	850	99.99995	3	305	4	95	37	91	6	9	93	3	26	1	148	29	0	0.00005
202	Ottawa–Vanier	0	612	99.99992	4	171	2	125	21	83	3	3	59	0	35	2	87	16	0	0.00008
203	Ottawa West–Nepean	0	805	99.99992	7	214	4	86	48	96	3	11	89	3	48	3	145	47	0	0.00008
204	Oxford	0	712	99.99994	4	128	4	32	28	175	3	5	86	1	22	1	166	55	0	0.00006
205	Parkdale–High Park	0	512	99.99995	5	115	0	196	20	34	2	6	47	1	19	0	40	27	0	0.00005
206	Parry Sound–Muskoka	0	552	99.99994	9	223	4	31	36	32	0	15	87	6	26	4	53	25	0	0.00006
207	Perth–Wellington	0	751	99.99994	1	94	3	90	48	142	3	6	132	2	16	0	155	57	0	0.00006
208	Peterborough–Kawartha	0	575	99.99993	0	118	2	47	39	64	2	8	136	3	13	1	88	53	0	0.00007
209	Pickering–Uxbridge	0	458	99.99993	23	106	2	39	32	41	0	14	102	0	15	0	57	26	0	0.00007
210	Renfrew–Nipissing–Pembroke	0	769	99.99994	3	196	9	29	52	134	0	8	126	4	27	4	120	56	0	0.00006
211	Richmond Hill	0	576	99.99995	7	100	1	45	26	22	3	3	38	1	19	0	87	224	0	0.00005
212	Carleton	0	995	99.99993	3	267	5	71	54	120	3	8	150	6	55	3	226	23	0	0.00007
213	St. Catharines	0	431	99.99995	3	130	1	22	32	38	0	3	67	2	20	1	76	35	0	0.00005
214	Toronto–St. Paul's	0	735	99.99993	44	217	3	195	33	17	2	8	101	5	34	1	55	20	0	0.00007
215	Sarnia–Lambton	0	727	99.99995	5	127	4	40	39	80	2	13	112	4	21	2	203	74	0	0.00005
216	Sault Ste. Marie	0	221	99.99994	6	48	0	14	19	16	0	4	42	3	8	1	38	20	0	0.00006
217	Scarborough–Agincourt	0	460	99.99995	4	71	1	21	1	29	1	2	17	3	2	2	79	227	0	0.00005
218	Scarborough Centre	0	241	99.99992	5	64	0	15	19	16	1	3	14	1	5	0	32	66	0	0.00008
219	Scarborough–Guildwood	0	257	99.99996	15	62	1	14	26	36	1	1	23	0	10	0	38	30	0	0.00004
220	Scarborough North	0	315	99.99994	33	63	3	21	8	8	0	0	7	0	3	0	48	120	0	0.00006
221	Scarborough–Rouge Park	0	315	99.99996	33	78	0	32	16	26	3	5	24	0	12	1	32	53	0	0.00004
222	Scarborough Southwest	0	269	99.99993	20	69	1	33	20	18	0	4	25	1	7	3	30	38	0	0.00007
223	Simcoe–Grey	0	895	99.99994	9	177	1	51	300	58	2	11	100	5	38	2	101	39	0	0.00006
224	Simcoe North	0	543	99.99994	7	155	3	32	47	33	1	13	70	4	66	2	82	27	0	0.00006
225	Spadina–Fort York	0	551	99.99992	8	179	2	191	29	8	8	7	44	5	19	1	31	19	0	0.00008
226	Stormont–Dundas–South Glengarry	0	685	99.99993	7	178	9	28	61	114	0	11	96	7	31	2	122	17	0	0.00007
227	Sudbury	0	300	99.99996	9	74	3	29	49	23	1	5	37	2	12	1	31	22	0	0.00004
228	Thornhill	0	622	99.99994	8	174	3	56	67	38	1	4	47	3	36	2	96	87	0	0.00006
229	Thunder Bay–Rainy River	0	296	99.99993	1	72	6	22	19	41	3	1	20	2	7	0	47	55	0	0.00007
230	Thunder Bay–Superior North	0	236	99.99994	1	75	1	19	28	17	0	5	31	2	7	0	20	29	0	0.00006
231	Timmins–James Bay	0	172	99.99994	0	59	1	5	16	15	0	2	15	1	7	0	36	14	0	0.00006
232	Toronto Centre	0	461	99.99992	9	117	0	180	27	16	3	2	18	5	24	0	46	14	0	0.00008
233	Toronto–Danforth	0	415	99.99995	12	78	0	191	14	7	1	4	36	1	21	1	24	24	0	0.00005
234	University–Rosedale	0	812	99.99994	37	223	0	248	50	11	4	6	93	4	46	7	52	31	0	0.00006
235	Vaughan–Woodbridge	0	244	99.99993	4	87	1	7	28	16	1	8	4	0	1	0	55	32	0	0.00007
236	Waterloo	0	765	99.99994	4	121	1	148	39	58	1	4	63	4	16	0	80	225	0	0.00006
237	Wellington–Halton Hills	0	1337	99.99995	4	166	1	776	44	84	1	9	69	7	27	0	89	60	0	0.00005
238	Whitby	0	630	99.99996	21	200	1	34	41	39	1	14	130	7	17	2	70	53	0	0.00004
239	Willowdale	0	426	99.99993	11	101	1	44	32	24	2	3	25	5	15	3	64	95	0	0.00007
240	Windsor–Tecumseh	0	249	99.99993	4	65	2	7	29	40	0	5	29	1	13	0	42	12	0	0.00007
241	Windsor West	0	236	99.99995	2	65	0	16	15	29	0	6	24	4	5	2	27	41	0	0.00005
242	York Centre	0	294	99.99995	7	94	0	15	34	13	0	4	20	1	21	0	53	32	0	0.00005
243	York–Simcoe	0	367	99.99996	2	114	1	10	60	27	0	5	55	3	15	1	44	29	0	0.00004
244	York South–Weston	0	109	99.99996	1	31	0	11	11	7	1	1	11	1	7	0	17	10	0	0.00004
245	Humber River–Black Creek	0	98	99.99995	7	31	0	5	10	8	2	1	2	0	0	0	14	18	0	0.00005
246	Brandon–Souris	0	561	99.99994	2	99	1	9	24	132	1	6	127	5	11	1	112	29	0	0.00006
247	Charleswood–St. James–Assiniboia–Headingley	0	442	99.99994	4	140	2	23	27	43	0	6	90	6	14	0	75	11	0	0.00006
248	Churchill–Keewatinook Aski	0	84	99.99995	0	30	2	4	9	2	0	1	7	2	4	0	14	9	0	0.00005
249	Dauphin–Swan River–Neepawa	0	448	99.99994	1	96	2	4	29	44	0	9	114	4	8	1	90	45	0	0.00006
250	Elmwood–Transcona	0	248	99.99994	0	51	1	3	31	69	1	4	20	0	2	1	55	10	0	0.00006
251	Kildonan–St. Paul	0	338	99.99995	0	96	4	16	29	43	2	7	43	2	9	0	58	29	0	0.00005
252	Portage–Lisgar	0	535	99.99992	0	132	0	9	32	103	0	5	55	5	10	4	118	61	0	0.00008
253	Provencher	0	468	99.99995	1	113	0	7	27	103	0	1	31	1	7	1	142	33	0	0.00005
254	Saint Boniface–Saint Vital	0	325	99.99994	4	119	1	24	17	44	0	6	41	1	5	0	47	16	0	0.00006
255	Selkirk–Interlake–Eastman	0	416	99.99993	1	100	0	10	38	20	0	9	143	2	8	1	71	12	0	0.00007
256	Winnipeg Centre	0	174	99.99995	2	43	0	50	13	11	0	1	12	0	10	1	20	11	0	0.00005
257	Winnipeg North	0	81	99.99994	1	27	2	5	5	14	0	2	2	0	2	0	12	9	0	0.00006
258	Winnipeg South	0	370	99.99996	0	146	0	15	20	50	1	5	42	0	12	1	55	23	0	0.00004
259	Winnipeg South Centre	0	457	99.99997	1	160	2	46	34	56	1	5	48	6	12	4	60	21	0	0.00003
260	Battlefords–Lloydminster	0	443	99.99994	1	95	1	6	23	38	1	2	20	1	2	0	199	54	0	0.00006
261	Cypress Hills–Grasslands	0	598	99.99995	0	101	1	11	19	56	0	3	36	1	10	3	293	64	0	0.00005
262	Desnethé–Missinippi–Churchill River	0	205	99.99994	0	44	1	1	12	17	0	3	19	0	1	1	83	22	0	0.00006
263	Carlton Trail–Eagle Creek	0	612	99.99993	1	105	0	7	25	58	0	9	36	0	11	2	272	85	0	0.00007
264	Moose Jaw–Lake Centre–Lanigan	0	549	99.99996	0	92	0	6	18	44	0	0	30	0	4	1	307	46	0	0.00004
265	Prince Albert	0	527	99.99995	3	94	1	4	21	85	0	4	86	2	15	1	155	55	0	0.00005
266	Regina–Lewvan	0	592	99.99995	0	104	0	29	15	44	0	1	27	1	7	0	343	21	0	0.00005
267	Regina–Qu'Appelle	0	601	99.99996	0	49	0	5	10	14	2	1	11	0	1	0	493	15	0	0.00004
268	Regina–Wascana	0	544	99.99995	0	91	2	11	16	31	0	4	24	2	6	0	318	38	0	0.00005
269	Saskatoon–Grasswood	0	630	99.99994	4	145	0	25	26	71	1	7	67	1	10	2	180	90	0	0.00006
270	Saskatoon–University	0	609	99.99993	1	121	1	26	19	50	2	4	34	2	5	2	189	153	0	0.00007
271	Saskatoon West	0	291	99.99994	1	69	0	14	18	19	0	3	21	2	10	0	92	41	0	0.00006
272	Souris–Moose Mountain	0	634	99.99994	0	108	0	7	23	34	0	2	61	1	16	1	343	38	0	0.00006
273	Yorkton–Melville	0	569	99.99994	0	91	1	4	28	23	0	10	23	0	6	0	328	55	0	0.00006
274	Banff–Airdrie	0	1120	99.99995	7	496	1	46	53	41	5	20	159	6	21	6	212	46	0	0.00005
275	Battle River–Crowfoot	0	873	99.99996	0	260	1	9	48	39	0	19	91	3	11	0	330	62	0	0.00004
276	Bow River	0	826	99.99994	5	330	2	12	50	62	15	14	79	1	13	3	184	55	0	0.00006
277	Calgary Centre	0	1101	99.99992	9	532	3	139	34	34	9	12	96	17	35	2	151	28	0	0.00008
278	Calgary Confederation	0	1109	99.99991	11	491	4	152	46	25	8	11	111	11	33	3	155	47	0	0.00009
279	Calgary Forest Lawn	0	286	99.99996	2	94	1	10	26	16	36	4	16	0	5	0	62	14	0	0.00004
280	Calgary Heritage	0	1279	99.99991	11	549	3	35	63	73	14	17	173	13	35	2	211	78	0	0.00009
281	Calgary Midnapore	0	1226	99.99993	3	523	4	43	66	44	8	10	131	11	35	2	263	82	0	0.00007
282	Calgary Nose Hill	0	803	99.99994	3	281	1	41	31	45	29	10	75	3	18	4	111	150	0	0.00006
283	Calgary Rocky Ridge	0	1091	99.99992	11	416	1	53	46	42	21	7	160	5	9	8	213	98	0	0.00008
284	Calgary Shepard	0	881	99.99994	8	465	3	27	49	49	9	14	69	10	11	2	130	35	0	0.00006
285	Calgary Signal Hill	0	1253	99.99993	15	534	3	79	38	83	12	13	165	13	38	2	200	57	0	0.00007
286	Calgary Skyview	0	357	99.99995	5	87	0	12	61	10	30	4	18	1	3	0	93	33	0	0.00005
287	Edmonton Centre	0	591	99.99994	5	196	3	92	35	34	1	8	73	5	8	0	93	38	0	0.00006
288	Edmonton Griesbach	0	369	99.99994	5	113	0	27	37	23	1	3	36	1	18	2	73	29	0	0.00006
289	Edmonton Manning	0	362	99.99995	2	142	3	7	24	17	0	7	30	0	3	0	81	46	0	0.00005
290	Edmonton Mill Woods	0	356	99.99992	3	108	4	21	17	34	1	4	32	1	2	0	102	27	0	0.00008
291	Edmonton Riverbend	0	1090	99.99993	5	302	5	72	38	20	1	11	82	6	17	5	201	324	0	0.00007
292	Edmonton Strathcona	0	531	99.99995	1	164	2	96	24	41	0	6	39	6	13	0	104	35	0	0.00005
293	Edmonton West	0	644	99.99992	5	208	1	33	47	23	1	9	64	3	6	3	132	109	0	0.00008
294	Edmonton–Wetaskiwin	0	960	99.99992	2	295	4	24	74	54	2	19	78	5	11	4	263	125	0	0.00008
295	Foothills	0	1338	99.99995	5	516	3	23	68	92	6	22	94	7	31	3	427	40	0	0.00005
296	Fort McMurray–Cold Lake	0	493	99.99996	0	235	6	5	52	17	1	11	30	2	10	2	84	37	0	0.00004
297	Grande Prairie–Mackenzie	0	797	99.99994	1	264	2	13	45	60	0	16	62	11	7	2	269	45	0	0.00006
298	Lakeland	0	801	99.99997	0	237	4	16	43	70	0	11	60	0	3	1	314	41	0	0.00003
299	Lethbridge	0	1102	99.99994	6	258	3	43	25	188	3	17	175	2	22	2	274	83	0	0.00006
300	Medicine Hat–Cardston–Warner	0	1425	99.99993	5	398	8	21	74	93	6	20	354	3	22	3	335	83	0	0.00007
301	Peace River–Westlock	0	681	99.99994	1	174	1	13	30	51	0	14	39	6	14	2	287	48	0	0.00006
302	Red Deer–Mountain View	0	916	99.99993	3	342	0	36	50	49	0	16	94	2	13	4	239	66	0	0.00007
303	Red Deer–Lacombe	0	903	99.99993	1	280	3	16	45	68	1	16	126	3	14	8	271	51	0	0.00007
304	St. Albert–Edmonton	0	707	99.99994	8	226	0	24	47	53	1	14	140	7	11	2	124	49	0	0.00006
305	Sherwood Park–Fort Saskatchewan	0	1041	99.99992	4	337	4	28	51	49	1	15	54	7	12	2	439	37	0	0.00008
306	Sturgeon River–Parkland	0	881	99.99995	4	334	4	14	56	81	0	21	93	4	13	6	201	49	0	0.00005
307	Yellowhead	0	649	99.99991	1	253	3	12	51	51	1	16	52	2	11	2	159	34	0	0.00009
308	Abbotsford	0	774	99.99992	5	100	4	17	31	63	2	8	300	1	5	4	211	22	0	0.00008
309	Burnaby North–Seymour	0	290	99.99993	4	88	0	40	18	17	0	3	31	2	6	13	47	21	0	0.00007
310	Burnaby South	0	327	99.99996	3	60	2	31	19	24	2	2	33	1	2	3	34	111	0	0.00004
311	Cariboo–Prince George	0	502	99.99991	4	137	2	26	31	56	2	9	75	3	13	3	109	32	0	0.00009
312	Central Okanagan–Similkameen–Nicola	0	643	100	5	216	3	37	56	40	0	5	77	7	16	3	144	33	0	0.00000
313	Chilliwack–Hope	0	801	99.99993	2	107	0	21	28	96	1	1	72	0	9	4	415	44	0	0.00007
314	Cloverdale–Langley City	0	450	99.99993	1	106	0	19	27	101	1	6	36	1	8	3	110	30	0	0.00007
315	Coquitlam–Port Coquitlam	0	347	99.99994	1	88	1	14	18	26	0	7	29	3	10	6	59	85	0	0.00006
316	Courtenay–Alberni	0	576	99.99995	8	162	2	39	57	25	1	7	70	10	28	17	134	15	0	0.00005
317	Cowichan–Malahat–Langford	0	423	99.99993	0	121	3	27	34	24	0	5	55	5	15	10	107	17	0	0.00007
318	Delta	0	426	99.99993	4	88	3	27	57	22	0	5	65	6	25	6	93	25	0	0.00007
319	Fleetwood–Port Kells	0	360	99.99993	4	65	1	14	43	44	2	7	31	5	1	0	52	91	0	0.00007
320	Kamloops–Thompson–Cariboo	0	465	99.99992	3	130	3	21	45	29	2	2	121	7	8	7	78	9	0	0.00008
321	Kelowna–Lake Country	0	669	99.99996	8	225	1	24	52	37	0	10	107	8	10	6	149	31	0	0.00004
322	Kootenay–Columbia	0	535	99.99992	5	145	5	30	38	43	1	4	106	4	16	6	107	24	0	0.00008
323	Langley–Aldergrove	0	825	99.99995	4	140	2	35	29	149	0	5	115	7	11	5	290	33	0	0.00005
324	Mission–Matsqui–Fraser Canyon	0	576	99.99996	2	89	2	15	43	70	0	10	117	0	5	1	204	17	0	0.00004
325	Nanaimo–Ladysmith	0	517	99.99993	1	156	2	43	42	34	1	6	57	10	19	5	118	22	0	0.00007
326	New Westminster–Burnaby	0	261	99.99996	3	57	1	40	15	17	2	1	19	4	7	3	32	58	0	0.00004
327	North Okanagan–Shuswap	0	761	99.99994	6	163	3	33	41	52	0	16	147	7	24	6	209	54	0	0.00006
328	North Vancouver	0	488	99.99993	2	143	2	52	13	34	3	5	57	13	18	61	69	16	0	0.00007
329	Pitt Meadows–Maple Ridge	0	357	99.99997	2	94	1	11	17	37	0	6	66	4	7	1	79	31	0	0.00003
330	Port Moody–Coquitlam	0	321	99.99996	0	99	0	37	21	25	1	4	28	4	8	5	48	39	0	0.00004
331	Prince George–Peace River–Northern Rockies	0	501	99.99994	3	147	2	10	31	27	0	9	46	4	15	0	185	20	0	0.00006
332	Richmond Centre	0	337	99.99995	2	70	2	27	18	6	1	0	34	2	2	0	49	124	0	0.00005
333	Esquimalt–Saanich–Sooke	0	394	99.99993	2	97	0	58	24	21	1	9	54	2	18	7	76	25	0	0.00007
334	Saanich–Gulf Islands	0	510	99.99994	6	146	1	70	21	28	2	6	96	9	23	3	86	12	0	0.00006
335	Skeena–Bulkley Valley	0	291	99.99994	1	70	1	11	28	49	0	2	24	2	16	2	68	17	0	0.00006
336	South Okanagan–West Kootenay	0	519	99.99994	9	145	2	30	40	21	1	15	47	5	16	7	166	14	0	0.00006
337	South Surrey–White Rock	0	654	99.99992	4	195	4	22	35	47	3	4	119	7	25	7	121	60	0	0.00008
338	Steveston–Richmond East	0	288	99.99996	1	60	0	16	20	9	1	2	26	1	7	7	37	100	0	0.00004
339	Surrey Centre	0	230	99.99996	1	57	0	4	67	19	0	0	13	1	3	0	34	30	0	0.00004
340	Surrey–Newton	0	151	99.99996	0	45	1	7	53	3	5	0	8	0	1	0	21	7	0	0.00004
341	Vancouver Centre	0	419	99.99992	4	146	0	116	20	5	1	2	24	11	26	14	33	16	0	0.00008
342	Vancouver East	0	278	99.99996	1	49	1	137	15	3	1	3	11	3	13	3	25	12	0	0.00004
343	Vancouver Granville	0	549	99.99992	9	119	0	118	19	22	1	4	61	5	19	8	54	110	0	0.00008
344	North Island–Powell River	0	448	99.99994	2	126	5	20	30	37	2	8	63	1	21	18	94	21	0	0.00006
345	Vancouver Kingsway	0	171	99.99995	0	29	0	44	21	18	1	1	7	0	3	2	21	24	0	0.00005
346	Vancouver Quadra	0	576	99.99997	5	150	2	98	13	21	2	1	63	17	24	10	73	97	0	0.00003
347	Vancouver South	0	177	99.99993	1	24	0	17	14	14	2	3	16	3	5	0	27	51	0	0.00007
348	Victoria	0	548	99.99995	11	167	3	142	30	23	4	3	43	8	24	2	70	17	0	0.00005
349	West Vancouver–Sunshine Coast–Sea to Sky Country	0	583	99.99993	5	179	1	78	30	14	0	5	97	13	24	12	95	29	0	0.00007
350	Yukon	0	319	99.99993	3	69	1	31	18	14	0	3	69	5	44	1	45	15	0	0.00007
351	Northwest Territories	0	133	99.99991	1	45	0	14	12	6	2	1	15	5	7	0	23	2	0	0.00009
352	Nunavut	0	16	100	0	8	0	2	1	0	0	0	1	0	1	0	3	0	0	0.00000
